{
  "_comment": "See http://www.chromium.org/chromium-os/developer-guide/disk-layout-format",
  "parent": "legacy_disk_layout.json",
  "layouts":{
    "common":[
      {
        "num": 2,
        "size": "64 MiB"
      },
      {
        "num": 4,
        "size": "64 MiB"
      },
      {
        "num": 12,
        "size": "128 MiB"
      },
      {
        "num": 3,
        "fs_size":"2000 MiB"
      },
      {
        "num": 1,
        "size": "3072 MiB"
      }
    ],
    "usb":[
      {
        "num": 3,
        "size": "2048 MiB"
      }
    ],
    "factory_install": [
      {
        "num": 3,
        "size": "2048 MiB"
      }
    ],
    "recovery":[
      {
        "num": 3,
        "size": "2048 MiB"
      }
    ],
    "4gb-rootfs": [
      {
        "num": 2,
        "size": "64 MiB"
      },
      {
        "num": 4,
        "size": "64 MiB"
      },
      {
        "num": 12,
        "size": "128 MiB"
      },
      {
        "num": 5,
        "size": "2 MiB"
      },
      {
        "num": 3,
        "size": "4096 MiB",
        "fs_size": "4000 MiB"
      },
      {
        "num": 1,
        "size": "3072 MiB"
      }
    ],
    # Huge rootfs, suitable for VM only images, should not be used
    # for actual hardware devices.
    "16gb-rootfs": [
      {
        "num": 2,
        "size": "64 MiB"
      },
      {
        "num": 4,
        "size": "64 MiB"
      },
      {
        "num": 12,
        "size": "128 MiB"
      },
      {
        "num": 5,
        "size": "2 MiB"
      },
      {
        "num": 3,
        "fs_size": "16000 MiB",
        "size": "16384 MiB"
      },
      {
        "num": 1,
        "size": "4096 MiB"
      }
    ]
  }
}
